geo,year,pop
AL01,2014,844921
AL01,2015,836448
AL01,2016,830981
AL01,2017,826904
AL01,2018,819793
AL01,2019,813758
AL01,2020,804689
AL01,2021,797955
AL01,2022,783970
AL01,2023,771020
AL02,2014,1111160
AL02,2015,1124817
AL02,2016,1130587
AL02,2017,1146183
AL02,2018,1162544
AL02,2019,1170142
AL02,2020,1176240
AL02,2021,1178435
AL02,2022,1178623
AL02,2023,1177987
AL03,2014,936313
AL03,2015,924531
AL03,2016,914024
AL03,2017,903504
AL03,2018,887987
AL03,2019,878527
AL03,2020,865026
AL03,2021,853351
AL03,2022,830999
AL03,2023,812778
ALXX,2018,0
ALXX,2019,0
ALXX,2020,0
AT11,2014,287416
AT11,2015,288356
AT11,2016,291011
AT11,2017,291942
AT11,2018,292675
AT11,2019,293433
AT11,2020,294436
AT11,2021,296010
AT11,2022,297583
AT11,2023,301250
AT12,2014,1625485
AT12,2015,1636778
AT12,2016,1653691
AT12,2017,1665753
AT12,2018,1670668
AT12,2019,1677542
AT12,2020,1684287
AT12,2021,1690879
AT12,2022,1698796
AT12,2023,1718373
AT13,2014,1766746
AT13,2015,1797337
AT13,2016,1840226
AT13,2017,1867582
AT13,2018,1888776
AT13,2019,1897491
AT13,2020,1911191
AT13,2021,1920949
AT13,2022,1931593
AT13,2023,1982097
AT21,2014,555881
AT21,2015,557641
AT21,2016,560482
AT21,2017,561077
AT21,2018,560898
AT21,2019,560939
AT21,2020,561293
AT21,2021,562089
AT21,2022,564513
AT21,2023,568984
AT22,2014,1215246
AT22,2015,1221570
AT22,2016,1232012
AT22,2017,1237298
AT22,2018,1240214
AT22,2019,1243052
AT22,2020,1246395
AT22,2021,1247077
AT22,2022,1252922
AT22,2023,1265198
AT31,2014,1425422
AT31,2015,1437251
AT31,2016,1453948
AT31,2017,1465045
AT31,2018,1473576
AT31,2019,1482095
AT31,2020,1490279
AT31,2021,1495608
AT31,2022,1505140
AT31,2023,1522825
AT32,2014,534270
AT32,2015,538575
AT32,2016,545815
AT32,2017,549263
AT32,2018,552579
AT32,2019,555221
AT32,2020,558410
AT32,2021,560710
AT32,2022,562606
AT32,2023,568346
AT33,2014,722038
AT33,2015,728826
AT33,2016,739139
AT33,2017,746153
AT33,2018,751140
AT33,2019,754705
AT33,2020,757634
AT33,2021,760105
AT33,2022,764102
AT33,2023,771304
AT34,2014,375282
AT34,2015,378592
AT34,2016,384147
AT34,2017,388752
AT34,2018,391741
AT34,2019,394297
AT34,2020,397139
AT34,2021,399237
AT34,2022,401674
AT34,2023,406395
BE10,2014,1172751
BE10,2015,1184101
BE10,2016,1201285
BE10,2017,1199095
BE10,2018,1205492
BE10,2019,1215289
BE10,2020,1223364
BE10,2021,1226329
BE10,2022,1228655
BE10,2023,1253178
BE21,2014,1806634
BE21,2015,1817033
BE21,2016,1828927
BE21,2017,1838863
BE21,2018,1849523
BE21,2019,1860470
BE21,2020,1873095
BE21,2021,1879318
BE21,2022,1890627
BE21,2023,1915921
BE22,2014,857844
BE22,2015,861380
BE22,2016,866970
BE22,2017,869664
BE22,2018,872739
BE22,2019,875842
BE22,2020,880602
BE22,2021,883228
BE22,2022,888913
BE22,2023,898619
BE23,2014,1471126
BE23,2015,1479049
BE23,2016,1489084
BE23,2017,1498483
BE23,2018,1506232
BE23,2019,1516284
BE23,2020,1526486
BE23,2021,1533876
BE23,2022,1545469
BE23,2023,1563346
BE24,2014,1108408
BE24,2015,1114590
BE24,2016,1122600
BE24,2017,1130644
BE24,2018,1138546
BE24,2019,1146643
BE24,2020,1156470
BE24,2021,1163186
BE24,2022,1173956
BE24,2023,1188079
BE25,2014,1177935
BE25,2015,1180957
BE25,2016,1184418
BE25,2017,1188407
BE25,2018,1192254
BE25,2019,1196995
BE25,2020,1202352
BE25,2021,1205101
BE25,2022,1210822
BE25,2023,1222004
BE31,2014,391609
BE31,2015,394344
BE31,2016,397745
BE31,2017,399735
BE31,2018,401508
BE31,2019,404270
BE31,2020,406794
BE31,2021,408325
BE31,2022,410619
BE31,2023,413959
BE32,2014,1334423
BE32,2015,1337780
BE32,2016,1341267
BE32,2017,1342053
BE32,2018,1343756
BE32,2019,1346082
BE32,2020,1350295
BE32,2021,1349861
BE32,2022,1354667
BE32,2023,1361026
BE33,2014,1095661
BE33,2015,1098903
BE33,2016,1103490
BE33,2017,1106039
BE33,2018,1108371
BE33,2019,1110068
BE33,2020,1113943
BE33,2021,1113324
BE33,2022,1116087
BE33,2023,1122360
BE34,2014,278219
BE34,2015,280261
BE34,2016,283257
BE34,2017,284617
BE34,2018,285010
BE34,2019,286685
BE34,2020,289606
BE34,2021,291730
BE34,2022,294400
BE34,2023,297654
BE35,2014,486230
BE35,2015,488876
BE35,2016,492074
BE35,2017,494127
BE35,2018,495158
BE35,2019,496891
BE35,2020,499433
BE35,2021,500489
BE35,2022,503408
BE35,2023,506650
BG31,2014,801343
BG31,2015,785188
BG31,2016,768967
BG31,2017,753059
BG31,2018,736788
BG31,2019,720754
BG31,2020,704576
BG31,2021,696328
BG31,2022,682036
BG31,2023,671502
BG32,2014,814339
BG32,2015,797965
BG32,2016,781422
BG32,2017,765086
BG32,2018,748308
BG32,2019,731277
BG32,2020,714075
BG32,2021,705241
BG32,2022,694972
BG32,2023,686334
BG33,2014,924847
BG33,2015,910699
BG33,2016,895980
BG33,2017,881513
BG33,2018,866648
BG33,2019,851079
BG33,2020,835432
BG33,2021,832326
BG33,2022,827640
BG33,2023,823884
BG34,2014,1043896
BG34,2015,1031248
BG34,2016,1017950
BG34,2017,1004948
BG34,2018,991373
BG34,2019,977482
BG34,2020,963654
BG34,2021,959331
BG34,2022,953641
BG34,2023,948410
BG41,2014,2103080
BG41,2015,2092375
BG41,2016,2080898
BG41,2017,2069800
BG41,2018,2058448
BG41,2019,2046676
BG41,2020,2034417
BG41,2021,2024977
BG41,2022,2018500
BG41,2023,2016554
BG42,2014,1429948
BG42,2015,1412215
BG42,2016,1393542
BG42,2017,1375112
BG42,2018,1355853
BG42,2019,1336909
BG42,2020,1317121
BG42,2021,1313914
BG42,2022,1305695
BG42,2023,1301026
CH01,2014,1545817
CH01,2015,1570594
CH01,2016,1593839
CH01,2017,1613522
CH01,2018,1629841
CH01,2019,1642580
CH01,2020,1654751
CH01,2021,1669608
CH01,2022,1685625
CH01,2023,1701827
CH02,2014,1808480
CH02,2015,1826251
CH02,2016,1842251
CH02,2017,1859557
CH02,2018,1868886
CH02,2019,1877154
CH02,2020,1886584
CH02,2021,1895693
CH02,2022,1907491
CH02,2023,1918746
CH03,2014,1104353
CH03,2015,1117158
CH03,2016,1128723
CH03,2017,1142156
CH03,2018,1151919
CH03,2019,1161105
CH03,2020,1171157
CH03,2021,1181776
CH03,2022,1191939
CH03,2023,1202435
CH04,2014,1425538
CH04,2015,1446354
CH04,2016,1466424
CH04,2017,1487969
CH04,2018,1504346
CH04,2019,1520968
CH04,2020,1539275
CH04,2021,1553423
CH04,2022,1564662
CH04,2023,1579967
CH05,2014,1134781
CH05,2015,1144572
CH05,2016,1153485
CH05,2017,1162684
CH05,2018,1169358
CH05,2019,1176321
CH05,2020,1183813
CH05,2021,1193069
CH05,2022,1203715
CH05,2023,1217015
CH06,2014,774123
CH06,2015,782374
CH06,2016,790458
CH06,2017,799287
CH06,2018,806071
CH06,2019,813056
CH06,2020,818962
CH06,2021,825745
CH06,2022,833178
CH06,2023,841372
CH07,2014,346539
CH07,2015,350363
CH07,2016,351946
CH07,2017,354375
CH07,2018,353709
CH07,2019,353343
CH07,2020,351491
CH07,2021,350986
CH07,2022,352181
CH07,2023,354023
CY00,2014,860032
CY00,2015,860846
CY00,2016,863764
CY00,2017,869878
CY00,2018,878601
CY00,2019,890194
CY00,2020,902429
CY00,2021,914476
CY00,2022,929764
CY00,2023,949084
CZ01,2014,1243201
CZ01,2015,1259079
CZ01,2016,1267449
CZ01,2017,1280508
CZ01,2018,1294513
CZ01,2019,1308632
CZ01,2020,1324277
CZ01,2021,1259413
CZ01,2022,1275406
CZ01,2023,1357326
CZ02,2014,1302336
CZ02,2015,1315299
CZ02,2016,1326876
CZ02,2017,1338982
CZ02,2018,1352795
CZ02,2019,1369332
CZ02,2020,1385141
CZ02,2021,1372588
CZ02,2022,1386824
CZ02,2023,1439391
CZ03,2014,1210176
CZ03,2015,1212423
CZ03,2016,1214450
CZ03,2017,1217411
CZ03,2018,1221012
CZ03,2019,1226805
CZ03,2020,1233982
CZ03,2021,1212780
CZ03,2022,1215754
CZ03,2023,1257691
CZ04,2014,1125429
CZ04,2015,1123265
CZ04,2016,1120654
CZ04,2017,1118126
CZ04,2018,1116766
CZ04,2019,1115685
CZ04,2020,1115629
CZ04,2021,1086606
CZ04,2022,1082108
CZ04,2023,1105932
CZ05,2014,1506503
CZ05,2015,1506813
CZ05,2016,1507209
CZ05,2017,1508527
CZ05,2018,1510726
CZ05,2019,1513693
CZ05,2020,1517999
CZ05,2021,1496140
CZ05,2022,1494671
CZ05,2023,1533205
CZ06,2014,1680287
CZ06,2015,1682748
CZ06,2016,1684500
CZ06,2017,1687764
CZ06,2018,1692123
CZ06,2019,1696941
CZ06,2020,1701802
CZ06,2021,1685220
CZ06,2022,1688593
CZ06,2023,1731977
CZ07,2014,1222655
CZ07,2015,1220972
CZ07,2016,1219394
CZ07,2017,1217623
CZ07,2018,1216234
CZ07,2019,1215413
CZ07,2020,1214570
CZ07,2021,1198649
CZ07,2022,1195362
CZ07,2023,1212333
CZ08,2014,1221832
CZ08,2015,1217676
CZ08,2016,1213311
CZ08,2017,1209879
CZ08,2018,1205886
CZ08,2019,1203299
CZ08,2020,1200539
CZ08,2021,1183440
CZ08,2022,1177989
CZ08,2023,1189674
DE11,2014,3972881
DE11,2015,4008288
DE11,2016,4069533
DE11,2017,4098278
DE11,2018,4126688
DE11,2019,4143418
DE11,2020,4154223
DE11,2021,4151094
DE11,2022,4150949
DE11,2023,4142738
DE12,2014,2702831
DE12,2015,2721266
DE12,2016,2761977
DE12,2017,2779314
DE12,2018,2795783
DE12,2019,2805129
DE12,2020,2810854
DE12,2021,2807601
DE12,2022,2812482
DE12,2023,2832121
DE13,2014,2174500
DE13,2015,2191622
DE13,2016,2224535
DE13,2017,2239734
DE13,2018,2254674
DE13,2019,2264469
DE13,2020,2271351
DE13,2021,2276924
DE13,2022,2285156
DE13,2023,2304974
DE14,2014,1781066
DE14,2015,1795468
DE14,2016,1823573
DE14,2017,1834567
DE14,2018,1846280
DE14,2019,1856517
DE14,2020,1863966
DE14,2021,1867424
DE14,2022,1876055
DE14,2023,1887888
DE21,2014,4469342
DE21,2015,4519979
DE21,2016,4588944
DE21,2017,4633323
DE21,2018,4649534
DE21,2019,4686163
DE21,2020,4710865
DE21,2021,4719716
DE21,2022,4729243
DE21,2023,4705040
DE22,2014,1189153
DE22,2015,1197558
DE22,2016,1212119
DE22,2017,1219397
DE22,2018,1230037
DE22,2019,1238528
DE22,2020,1244169
DE22,2021,1247063
DE22,2022,1253441
DE22,2023,1244102
DE23,2014,1077991
DE23,2015,1082761
DE23,2016,1092339
DE23,2017,1098378
DE23,2018,1104407
DE23,2019,1109269
DE23,2020,1112102
DE23,2021,1112267
DE23,2022,1116741
DE23,2023,1107750
DE24,2014,1056365
DE24,2015,1055955
DE24,2016,1059358
DE24,2017,1062394
DE24,2018,1066840
DE24,2019,1067482
DE24,2020,1065371
DE24,2021,1062085
DE24,2022,1061929
DE24,2023,1051868
DE25,2014,1707376
DE25,2015,1715195
DE25,2016,1738686
DE25,2017,1750059
DE25,2018,1759643
DE25,2019,1770401
DE25,2020,1775169
DE25,2021,1775704
DE25,2022,1777143
DE25,2023,1782419
DE26,2014,1297992
DE26,2015,1298849
DE26,2016,1306048
DE26,2017,1309209
DE26,2018,1313375
DE26,2019,1317124
DE26,2020,1317619
DE26,2021,1317507
DE26,2022,1320513
DE26,2023,1310561
DE27,2014,1806025
DE27,2015,1821271
DE27,2016,1846020
DE27,2017,1857991
DE27,2018,1873368
DE27,2019,1887754
DE27,2020,1899442
DE27,2021,1905841
DE27,2022,1917979
DE27,2023,1903481
DE30,2014,3421829
DE30,2015,3469849
DE30,2016,3520031
DE30,2017,3574830
DE30,2018,3613495
DE30,2019,3644826
DE30,2020,3669491
DE30,2021,3664088
DE30,2022,3677472
DE30,2023,3632853
DE40,2014,2449193
DE40,2015,2457872
DE40,2016,2484826
DE40,2017,2494648
DE40,2018,2504040
DE40,2019,2511917
DE40,2020,2521893
DE40,2021,2531071
DE40,2022,2537868
DE40,2023,2545159
DE50,2014,657391
DE50,2015,661888
DE50,2016,671489
DE50,2017,678753
DE50,2018,681032
DE50,2019,682986
DE50,2020,681202
DE50,2021,680130
DE50,2022,676463
DE50,2023,695758
DE60,2014,1746342
DE60,2015,1762791
DE60,2016,1787408
DE60,2017,1810438
DE60,2018,1830584
DE60,2019,1841179
DE60,2020,1847253
DE60,2021,1852478
DE60,2022,1853935
DE60,2023,1832675
DE71,2014,3822479
DE71,2015,3863818
DE71,2016,3922369
DE71,2017,3951234
DE71,2018,3978050
DE71,2019,3998724
DE71,2020,4019961
DE71,2021,4026618
DE71,2022,4026564
DE71,2023,4001146
DE72,2014,1023150
DE72,2015,1029020
DE72,2016,1040091
DE72,2017,1043643
DE72,2018,1045807
DE72,2019,1047262
DE72,2020,1048646
DE72,2021,1048740
DE72,2022,1050765
DE72,2023,1036748
DE73,2014,1199796
DE73,2015,1201050
DE73,2016,1213712
DE73,2017,1218211
DE73,2018,1219405
DE73,2019,1219823
DE73,2020,1219473
DE73,2021,1217796
DE73,2022,1217688
DE73,2023,1199039
DE80,2014,1596505
DE80,2015,1599138
DE80,2016,1612362
DE80,2017,1610674
DE80,2018,1611119
DE80,2019,1609675
DE80,2020,1608138
DE80,2021,1610774
DE80,2022,1611160
DE80,2023,1576049
DE91,2014,1574936
DE91,2015,1579754
DE91,2016,1598164
DE91,2017,1595609
DE91,2018,1595734
DE91,2019,1596396
DE91,2020,1594929
DE91,2021,1590577
DE91,2022,1591424
DE91,2023,1589602
DE92,2014,2099079
DE92,2015,2108413
DE92,2016,2132290
DE92,2017,2139976
DE92,2018,2144120
DE92,2019,2149805
DE92,2020,2148238
DE92,2021,2147704
DE92,2022,2149859
DE92,2023,2117034
DE93,2014,1670199
DE93,2015,1677715
DE93,2016,1699969
DE93,2017,1703945
DE93,2018,1706464
DE93,2019,1710914
DE93,2020,1716448
DE93,2021,1722474
DE93,2022,1731531
DE93,2023,1716631
DE94,2014,2446345
DE94,2015,2460857
DE94,2016,2496176
DE94,2017,2506155
DE94,2018,2516457
DE94,2019,2525333
DE94,2020,2533993
DE94,2021,2542666
DE94,2022,2554217
DE94,2023,2559680
DEA1,2014,5088748
DEA1,2015,5108290
DEA1,2016,5173623
DEA1,2017,5190790
DEA1,2018,5198820
DEA1,2019,5202321
DEA1,2020,5207457
DEA1,2021,5200090
DEA1,2022,5197679
DEA1,2023,5222540
DEA2,2014,4333015
DEA2,2015,4361724
DEA2,2016,4422371
DEA2,2017,4439416
DEA2,2018,4454228
DEA2,2019,4468904
DEA2,2020,4478847
DEA2,2021,4475530
DEA2,2022,4472956
DEA2,2023,4461422
DEA3,2014,2574148
DEA3,2015,2580664
DEA3,2016,2614229
DEA3,2017,2619376
DEA3,2018,2621153
DEA3,2019,2623619
DEA3,2020,2624625
DEA3,2021,2624719
DEA3,2022,2631237
DEA3,2023,2640307
DEA4,2014,2024392
DEA4,2015,2029648
DEA4,2016,2057996
DEA4,2017,2054205
DEA4,2018,2054343
DEA4,2019,2055310
DEA4,2020,2055724
DEA4,2021,2054178
DEA4,2022,2057480
DEA4,2023,2070052
DEA5,2014,3551553
DEA5,2015,3557772
DEA5,2016,3597297
DEA5,2017,3586313
DEA5,2018,3583590
DEA5,2019,3582497
DEA5,2020,3580568
DEA5,2021,3571053
DEA5,2022,3565239
DEA5,2023,3570099
DEB1,2014,1474378
DEB1,2015,1477202
DEB1,2016,1488308
DEB1,2017,1492187
DEB1,2018,1493055
DEB1,2019,1495885
DEB1,2020,1498223
DEB1,2021,1500830
DEB1,2022,1503189
DEB1,2023,1522385
DEB2,2014,519136
DEB2,2015,521863
DEB2,2016,532715
DEB2,2017,528728
DEB2,2018,529597
DEB2,2019,531007
DEB2,2020,533113
DEB2,2021,534438
DEB2,2022,536772
DEB2,2023,524876
DEB3,2014,2000852
DEB3,2015,2012517
DEB3,2016,2031780
DEB3,2017,2045138
DEB3,2018,2051027
DEB3,2019,2057952
DEB3,2020,2062567
DEB3,2021,2063123
DEB3,2022,2066524
DEB3,2023,2061294
DEC0,2014,990718
DEC0,2015,989035
DEC0,2016,995597
DEC0,2017,996651
DEC0,2018,994187
DEC0,2019,990509
DEC0,2020,986887
DEC0,2021,983991
DEC0,2022,982348
DEC0,2023,1011891
DED2,2014,1590927
DED2,2015,1592765
DED2,2016,1602754
DED2,2017,1600155
DED2,2018,1598573
DED2,2019,1598199
DED2,2020,1596566
DED2,2021,1589888
DED2,2022,1583267
DED2,2023,1588724
DED4,2014,1468954
DED4,2015,1463341
DED4,2016,1465612
DED4,2017,1454144
DED4,2018,1444953
DED4,2019,1436445
DED4,2020,1426380
DED4,2021,1413730
DED4,2022,1402126
DED4,2023,1397272
DED5,2014,986504
DED5,2015,999168
DED5,2016,1016485
DED5,2017,1027484
DED5,2018,1037782
DED5,2019,1043293
DED5,2020,1049025
DED5,2021,1053323
DED5,2022,1057609
DED5,2023,1063971
DEE0,2014,2244577
DEE0,2015,2235548
DEE0,2016,2245470
DEE0,2017,2236252
DEE0,2018,2223081
DEE0,2019,2208321
DEE0,2020,2194782
DEE0,2021,2180684
DEE0,2022,2169253
DEE0,2023,2150239
DEF0,2014,2815955
DEF0,2015,2830864
DEF0,2016,2858714
DEF0,2017,2881926
DEF0,2018,2889821
DEF0,2019,2896712
DEF0,2020,2903773
DEF0,2021,2910875
DEF0,2022,2922005
DEF0,2023,2939283
DEG0,2014,2160840
DEG0,2015,2156759
DEG0,2016,2170714
DEG0,2017,2158128
DEG0,2018,2151205
DEG0,2019,2143145
DEG0,2020,2133378
DEG0,2021,2120237
DEG0,2022,2108863
DEG0,2023,2118830
DK01,2014,1749405
DK01,2015,1768125
DK01,2016,1789174
DK01,2017,1807404
DK01,2018,1822659
DK01,2019,1835562
DK01,2020,1846023
DK01,2021,1855084
DK01,2022,1867948
DK01,2023,1891871
DK02,2014,816726
DK02,2015,820480
DK02,2016,827499
DK02,2017,832553
DK02,2018,835024
DK02,2019,836738
DK02,2020,837359
DK02,2021,838840
DK02,2022,843513
DK02,2023,849857
DK03,2014,1202509
DK03,2015,1205728
DK03,2016,1211770
DK03,2017,1217224
DK03,2018,1220763
DK03,2019,1223348
DK03,2020,1223105
DK03,2021,1223634
DK03,2022,1228362
DK03,2023,1237413
DK04,2014,1277538
DK04,2015,1282750
DK04,2016,1293309
DK04,2017,1304253
DK04,2018,1313596
DK04,2019,1320678
DK04,2020,1326340
DK04,2021,1332048
DK04,2022,1341857
DK04,2023,1358879
DK05,2014,581057
DK05,2015,582632
DK05,2016,585499
DK05,2017,587335
DK05,2018,589148
DK05,2019,589755
DK05,2020,589936
DK05,2021,590439
DK05,2022,591740
DK05,2023,594634
EE00,2014,1315819
EE00,2015,1314870
EE00,2016,1315944
EE00,2017,1315635
EE00,2018,1319133
EE00,2019,1324820
EE00,2020,1328976
EE00,2021,1330068
EE00,2022,1331796
EE00,2023,1365884
EFTA,2015,13769934
EFTA,2016,13911262
EFTA,2017,14054026
EFTA,2018,14166313
EFTA,2019,14268108
EFTA,2020,14376494
EFTA,2021,14469516
EFTA,2022,14579617
EFTA,2023,14731804
EL30,2014,3863763
EL30,2015,3822843
EL30,2016,3781274
EL30,2017,3773559
EL30,2018,3756453
EL30,2019,3742235
EL30,2020,3738901
EL30,2021,3736737
EL30,2022,3806550
EL30,2023,3795536
EL41,2014,198581
EL41,2015,197695
EL41,2016,196654
EL41,2017,203700
EL41,2018,211137
EL41,2019,221098
EL41,2020,229516
EL41,2021,229155
EL41,2022,195229
EL41,2023,194784
EL42,2014,334802
EL42,2015,334865
EL42,2016,334791
EL42,2017,338383
EL42,2018,340870
EL42,2019,344027
EL42,2020,347512
EL42,2021,347848
EL42,2022,327517
EL42,2023,326841
EL43,2014,630889
EL43,2015,631513
EL43,2016,631812
EL43,2017,632674
EL43,2018,633506
EL43,2019,634930
EL43,2020,636504
EL43,2021,636766
EL43,2022,623633
EL43,2023,622624
EL51,2014,608214
EL51,2015,606490
EL51,2016,604504
EL51,2017,602799
EL51,2018,601175
EL51,2019,599723
EL51,2020,598613
EL51,2021,594905
EL51,2022,560826
EL51,2023,558835
EL52,2014,1903360
EL52,2015,1893878
EL52,2016,1883339
EL52,2017,1880122
EL52,2018,1875996
EL52,2019,1873777
EL52,2020,1872102
EL52,2021,1858755
EL52,2022,1790686
EL52,2023,1782592
EL53,2014,278706
EL53,2015,276423
EL53,2016,273843
EL53,2017,271488
EL53,2018,269222
EL53,2019,267008
EL53,2020,264670
EL53,2021,262052
EL53,2022,253954
EL53,2023,250279
EL54,2014,341046
EL54,2015,339142
EL54,2016,336834
EL54,2017,335250
EL54,2018,334337
EL54,2019,333696
EL54,2020,333265
EL54,2021,330985
EL54,2022,319206
EL54,2023,318505
EL61,2014,737686
EL61,2015,733663
EL61,2016,729442
EL61,2017,725874
EL61,2018,722065
EL61,2019,718640
EL61,2020,715115
EL61,2021,709808
EL61,2022,686344
EL61,2023,681190
EL62,2014,207664
EL62,2015,207059
EL62,2016,206141
EL62,2017,205431
EL62,2018,204562
EL62,2019,203869
EL62,2020,203149
EL62,2021,202371
EL62,2022,204081
EL62,2023,202269
EL63,2014,677727
EL63,2015,673263
EL63,2016,668258
EL63,2017,663970
EL63,2018,659470
EL63,2019,655189
EL63,2020,651065
EL63,2021,646670
EL63,2022,646621
EL63,2023,642721
EL64,2014,559214
EL64,2015,557753
EL64,2016,555830
EL64,2017,555761
EL64,2018,555623
EL64,2019,555960
EL64,2020,556002
EL64,2021,553235
EL64,2022,507072
EL64,2023,503941
EL65,2014,585155
EL65,2015,583431
EL65,2016,581026
EL65,2017,579182
EL65,2018,576749
EL65,2019,574447
EL65,2020,572151
EL65,2021,569345
EL65,2022,538063
EL65,2023,533865
ES11,2014,2745817
ES11,2015,2732801
ES11,2016,2719095
ES11,2017,2708955
ES11,2018,2703048
ES11,2019,2700210
ES11,2020,2702605
ES11,2021,2698177
ES11,2022,2692829
ES11,2023,2699424
ES12,2014,1058560
ES12,2015,1049328
ES12,2016,1040407
ES12,2017,1033550
ES12,2018,1027091
ES12,2019,1021469
ES12,2020,1018053
ES12,2021,1012117
ES12,2022,1004960
ES12,2023,1006060
ES13,2014,587491
ES13,2015,585184
ES13,2016,582494
ES13,2017,581421
ES13,2018,581533
ES13,2019,581989
ES13,2020,583011
ES13,2021,584708
ES13,2022,585451
ES13,2023,588387
ES21,2014,2172247
ES21,2015,2172707
ES21,2016,2174426
ES21,2017,2179944
ES21,2018,2187254
ES21,2019,2197306
ES21,2020,2211917
ES21,2021,2212628
ES21,2022,2205828
ES21,2023,2216302
ES22,2014,637099
ES22,2015,637317
ES22,2016,638922
ES22,2017,642075
ES22,2018,646340
ES22,2019,652797
ES22,2020,659907
ES22,2021,662032
ES22,2022,664514
ES22,2023,672155
ES23,2014,315736
ES23,2015,314457
ES23,2016,314025
ES23,2017,314136
ES23,2018,314890
ES23,2019,315967
ES23,2020,318703
ES23,2021,319444
ES23,2022,319617
ES23,2023,322282
ES24,2014,1330713
ES24,2015,1325600
ES24,2016,1318042
ES24,2017,1315411
ES24,2018,1313493
ES24,2019,1320694
ES24,2020,1330592
ES24,2021,1331938
ES24,2022,1328217
ES24,2023,1341289
ES30,2014,6372553
ES30,2015,6375737
ES30,2016,6411466
ES30,2017,6459297
ES30,2018,6529923
ES30,2019,6618078
ES30,2020,6720310
ES30,2021,6726640
ES30,2022,6743273
ES30,2023,6871903
ES41,2014,2493604
ES41,2015,2475697
ES41,2016,2452721
ES41,2017,2433535
ES41,2018,2417013
ES41,2019,2405568
ES41,2020,2398976
ES41,2021,2385223
ES41,2022,2375586
ES41,2023,2383703
ES42,2014,2074760
ES42,2015,2062615
ES42,2016,2049336
ES42,2017,2041422
ES42,2018,2034409
ES42,2019,2036777
ES42,2020,2047969
ES42,2021,2052505
ES42,2022,2058284
ES42,2023,2084086
ES43,2014,1096708
ES43,2015,1092217
ES43,2016,1086153
ES43,2017,1079108
ES43,2018,1072721
ES43,2019,1067925
ES43,2020,1064970
ES43,2021,1061636
ES43,2022,1056808
ES43,2023,1054306
ES51,2014,7432833
ES51,2015,7420890
ES51,2016,7440692
ES51,2017,7480778
ES51,2018,7539364
ES51,2019,7624625
ES51,2020,7720323
ES51,2021,7749896
ES51,2022,7761864
ES51,2023,7901963
ES52,2014,4960213
ES52,2015,4945092
ES52,2016,4939888
ES52,2017,4943821
ES52,2018,4958584
ES52,2019,4989308
ES52,2020,5046482
ES52,2021,5067911
ES52,2022,5108127
ES52,2023,5216195
ES53,2014,1106617
ES53,2015,1111002
ES53,2016,1117353
ES53,2017,1128492
ES53,2018,1141233
ES53,2019,1157928
ES53,2020,1176816
ES53,2021,1183415
ES53,2022,1187043
ES53,2023,1209906
ES61,2014,8381239
ES61,2015,8388994
ES61,2016,8392046
ES61,2017,8394017
ES61,2018,8396464
ES61,2019,8412222
ES61,2020,8461039
ES61,2021,8484804
ES61,2022,8511185
ES61,2023,8584147
ES62,2014,1462734
ES62,2015,1465195
ES62,2016,1468367
ES62,2017,1475275
ES62,2018,1478718
ES62,2019,1491312
ES62,2020,1509077
ES62,2021,1518279
ES62,2022,1529662
ES62,2023,1551692
ES63,2014,84562
ES63,2015,84561
ES63,2016,84558
ES63,2017,85005
ES63,2018,85327
ES63,2019,85087
ES63,2020,84502
ES63,2021,84071
ES63,2022,83054
ES63,2023,83052
ES64,2014,84103
ES64,2015,85009
ES64,2016,85457
ES64,2017,85918
ES64,2018,86084
ES64,2019,86373
ES64,2020,86558
ES64,2021,86450
ES64,2022,84932
ES64,2023,85493
ES70,2014,2098155
ES70,2015,2101319
ES70,2016,2103436
ES70,2017,2115233
ES70,2018,2131581
ES70,2019,2153316
ES70,2020,2176240
ES70,2021,2178924
ES70,2022,2185609
ES70,2023,2213016
EU28,2015,507764420
EU28,2016,509366867
EU28,2017,510499671
EU28,2018,511560587
EU28,2019,512782741
FI19,2014,1374403
FI19,2015,1377281
FI19,2016,1379116
FI19,2017,1380593
FI19,2018,1380365
FI19,2019,1379749
FI19,2020,1378652
FI19,2021,1378851
FI19,2022,1382245
FI19,2023,1384761
FI1B,2014,1585473
FI1B,2015,1603388
FI1B,2016,1620261
FI1B,2017,1638293
FI1B,2018,1655624
FI1B,2019,1671024
FI1B,2020,1689725
FI1B,2021,1702678
FI1B,2022,1714741
FI1B,2023,1733033
FI1C,2014,1161882
FI1C,2015,1161706
FI1C,2016,1160491
FI1C,2017,1159174
FI1C,2018,1157001
FI1C,2019,1152719
FI1C,2020,1148794
FI1C,2021,1147484
FI1C,2022,1146312
FI1C,2023,1144473
FI1D,2014,1300846
FI1D,2015,1300462
FI1D,2016,1298457
FI1D,2017,1296023
FI1D,2018,1290651
FI1D,2019,1284638
FI1D,2020,1278237
FI1D,2021,1274651
FI1D,2022,1274599
FI1D,2023,1271344
FI20,2014,28666
FI20,2015,28916
FI20,2016,28983
FI20,2017,29214
FI20,2018,29489
FI20,2019,29789
FI20,2020,29884
FI20,2021,30129
FI20,2022,30344
FI20,2023,30359
FR10,2014,12027565
FR10,2015,12082144
FR10,2016,12117132
FR10,2017,12174880
FR10,2018,12213447
FR10,2019,12262544
FR10,2020,12271794
FR10,2021,12317279
FR10,2022,12380964
FR10,2023,12407359
FRB0,2014,2577435
FRB0,2015,2578592
FRB0,2016,2577866
FRB0,2017,2576252
FRB0,2018,2572853
FRB0,2019,2573180
FRB0,2020,2574863
FRB0,2021,2573303
FRB0,2022,2581597
FRB0,2023,2581716
FRC1,2014,1642551
FRC1,2015,1641205
FRC1,2016,1637941
FRC1,2017,1632887
FRC1,2018,1628737
FRC1,2019,1625776
FRC1,2020,1622967
FRC1,2021,1620593
FRC1,2022,1622908
FRC1,2023,1619967
FRC2,2014,1178072
FRC2,2015,1179735
FRC2,2016,1180397
FRC2,2017,1178536
FRC2,2018,1179070
FRC2,2019,1179804
FRC2,2020,1178728
FRC2,2021,1179601
FRC2,2022,1181069
FRC2,2023,1180267
FRD1,2014,1479378
FRD1,2015,1479484
FRD1,2016,1477349
FRD1,2017,1474257
FRD1,2018,1471632
FRD1,2019,1469892
FRD1,2020,1471115
FRD1,2021,1473114
FRD1,2022,1477564
FRD1,2023,1477731
FRD2,2014,1856267
FRD2,2015,1859647
FRD2,2016,1858580
FRD2,2017,1856221
FRD2,2018,1855845
FRD2,2019,1855140
FRD2,2020,1854407
FRD2,2021,1854852
FRD2,2022,1861510
FRD2,2023,1861791
FRE1,2014,4076061
FRE1,2015,4077886
FRE1,2016,4074448
FRE1,2017,4072379
FRE1,2018,4072977
FRE1,2019,4073624
FRE1,2020,4069913
FRE1,2021,4072734
FRE1,2022,4077093
FRE1,2023,4073012
FRE2,2014,1930095
FRE2,2015,1932090
FRE2,2016,1932422
FRE2,2017,1931436
FRE2,2018,1931131
FRE2,2019,1931323
FRE2,2020,1927821
FRE2,2021,1922558
FRE2,2022,1921823
FRE2,2023,1917280
FRF1,2014,1872949
FRF1,2015,1879265
FRF1,2016,1884150
FRF1,2017,1889589
FRF1,2018,1898533
FRF1,2019,1907143
FRF1,2020,1915915
FRF1,2021,1919745
FRF1,2022,1924763
FRF1,2023,1927888
FRF2,2014,1339299
FRF2,2015,1338255
FRF2,2016,1333248
FRF2,2017,1328134
FRF2,2018,1323396
FRF2,2019,1320191
FRF2,2020,1319593
FRF2,2021,1316522
FRF2,2022,1312252
FRF2,2023,1308276
FRF3,2014,2342397
FRF3,2015,2341531
FRF3,2016,2337788
FRF3,2017,2331863
FRF3,2018,2328460
FRF3,2019,2328885
FRF3,2020,2327143
FRF3,2021,2325020
FRF3,2022,2323064
FRF3,2023,2318308
FRG0,2014,3690833
FRG0,2015,3718512
FRG0,2016,3737632
FRG0,2017,3757600
FRG0,2018,3781423
FRG0,2019,3806461
FRG0,2020,3832120
FRG0,2021,3853999
FRG0,2022,3879216
FRG0,2023,3898424
FRH0,2014,3276543
FRH0,2015,3293850
FRH0,2016,3306529
FRH0,2017,3318904
FRH0,2018,3335414
FRH0,2019,3354854
FRH0,2020,3373835
FRH0,2021,3394567
FRH0,2022,3422845
FRH0,2023,3440248
FRI1,2014,3343326
FRI1,2015,3370578
FRI1,2016,3393297
FRI1,2017,3414585
FRI1,2018,3437398
FRI1,2019,3464554
FRI1,2020,3485404
FRI1,2021,3515932
FRI1,2022,3551431
FRI1,2023,3575256
FRI2,2014,738120
FRI2,2015,738031
FRI2,2016,736015
FRI2,2017,734528
FRI2,2018,731285
FRI2,2019,729049
FRI2,2020,727308
FRI2,2021,727177
FRI2,2022,728087
FRI2,2023,726934
FRI3,2014,1797698
FRI3,2015,1802873
FRI3,2016,1806291
FRI3,2017,1807865
FRI3,2018,1811095
FRI3,2019,1816686
FRI3,2020,1821240
FRI3,2021,1826243
FRI3,2022,1833866
FRI3,2023,1836624
FRJ1,2014,2751592
FRJ1,2015,2772683
FRJ1,2016,2793303
FRJ1,2017,2810383
FRJ1,2018,2830361
FRJ1,2019,2854713
FRJ1,2020,2875045
FRJ1,2021,2898280
FRJ1,2022,2928581
FRJ1,2023,2948904
FRJ2,2014,2979161
FRJ2,2015,3001502
FRJ2,2016,3015132
FRJ2,2017,3034719
FRJ2,2018,3055135
FRJ2,2019,3078472
FRJ2,2020,3098924
FRJ2,2021,3123896
FRJ2,2022,3152150
FRJ2,2023,3172349
FRK1,2014,1360461
FRK1,2015,1362367
FRK1,2016,1363392
FRK1,2017,1364156
FRK1,2018,1368536
FRK1,2019,1370389
FRK1,2020,1369348
FRK1,2021,1368667
FRK1,2022,1371660
FRK1,2023,1370396
FRK2,2014,6460505
FRK2,2015,6515331
FRK2,2016,6553497
FRK2,2017,6584131
FRK2,2018,6625923
FRK2,2019,6672547
FRK2,2020,6709304
FRK2,2021,6745694
FRK2,2022,6792224
FRK2,2023,6826040
FRL0,2014,4983438
FRL0,2015,5007977
FRL0,2016,5021928
FRL0,2017,5030890
FRL0,2018,5052832
FRL0,2019,5081101
FRL0,2020,5098666
FRL0,2021,5127840
FRL0,2022,5170312
FRL0,2023,5194349
FRM0,2014,324212
FRM0,2015,327283
FRM0,2016,330455
FRM0,2017,334938
FRM0,2018,338554
FRM0,2019,340440
FRM0,2020,343701
FRM0,2021,347597
FRM0,2022,351276
FRM0,2023,354266
FRXX,2014,0
FRXX,2015,0
FRXX,2016,0
FRXX,2020,0
FRY1,2014,435293
FRY1,2015,433674
FRY1,2016,429856
FRY1,2017,425587
FRY1,2018,421694
FRY1,2019,416728
FRY1,2020,415360
FRY1,2021,415792
FRY1,2022,415065
FRY1,2023,413861
FRY2,2014,383911
FRY2,2015,380877
FRY2,2016,376480
FRY2,2017,372594
FRY2,2018,368783
FRY2,2019,364508
FRY2,2020,361225
FRY2,2021,360749
FRY2,2022,361019
FRY2,2023,359202
FRY3,2014,252338
FRY3,2015,259865
FRY3,2016,269352
FRY3,2017,268700
FRY3,2018,276128
FRY3,2019,281678
FRY3,2020,285133
FRY3,2021,286618
FRY3,2022,288382
FRY3,2023,290110
FRY4,2014,842767
FRY4,2015,850727
FRY4,2016,852924
FRY4,2017,853659
FRY4,2018,855961
FRY4,2019,861210
FRY4,2020,863083
FRY4,2021,871157
FRY4,2022,881348
FRY4,2023,886453
FRY5,2014,223713
FRY5,2015,232189
FRY5,2016,240987
FRY5,2017,250143
FRY5,2018,259621
FRY5,2019,269579
FRY5,2020,279696
FRY5,2021,289039
FRY5,2022,299634
FRY5,2023,310199
HR02,2014,1190565
HR02,2015,1172508
HR02,2016,1149380
HR02,2017,1123545
HR02,2018,1090451
HR02,2019,1066800
HR02,2020,1046438
HR02,2021,1030173
HR02,2022,1013572
HR02,2023,999106
HR03,2014,1392690
HR03,2015,1382089
HR03,2016,1367338
HR03,2017,1353140
HR03,2018,1337048
HR03,2019,1325462
HR03,2020,1317600
HR03,2021,1304875
HR03,2022,1296210
HR03,2023,1297987
HR04,2014,2840901
HR04,2015,2823087
HR04,2016,2796379
HR04,2017,2766850
HR04,2018,2727154
HR04,2019,2702175
HR04,2020,2684363
HR05,2014,788688
HR05,2015,787622
HR05,2016,784673
HR05,2017,782586
HR05,2018,778359
HR05,2019,776237
HR05,2020,774420
HR05,2021,768895
HR05,2022,766824
HR05,2023,768624
HR06,2014,845689
HR06,2015,838696
HR06,2016,829724
HR06,2017,819498
HR06,2018,808483
HR06,2019,800177
HR06,2020,795053
HR06,2021,789083
HR06,2022,785699
HR06,2023,785177
HU11,2014,1733837
HU11,2015,1741601
HU11,2016,1738570
HU11,2017,1728929
HU11,2018,1723033
HU11,2019,1722363
HU11,2020,1717144
HU11,2021,1690503
HU11,2022,1672443
HU11,2023,1671004
HU12,2014,1217628
HU12,2015,1221637
HU12,2016,1228755
HU12,2017,1240780
HU12,2018,1254436
HU12,2019,1270416
HU12,2020,1287734
HU12,2021,1300389
HU12,2022,1315964
HU12,2023,1328790
HU21,2014,1069800
HU21,2015,1064521
HU21,2016,1062306
HU21,2017,1057816
HU21,2018,1057449
HU21,2019,1060306
HU21,2020,1062982
HU21,2021,1061979
HU21,2022,1058909
HU21,2023,1059399
HU22,2014,979146
HU22,2015,975754
HU22,2016,973166
HU22,2017,970910
HU22,2018,971397
HU22,2019,973587
HU22,2020,977086
HU22,2021,979459
HU22,2022,979744
HU22,2023,982924
HU23,2014,916856
HU23,2015,908400
HU23,2016,900042
HU23,2017,893263
HU23,2018,885800
HU23,2019,878402
HU23,2020,873097
HU23,2021,869726
HU23,2022,863057
HU23,2023,858675
HU31,2014,1176263
HU31,2015,1163818
HU31,2016,1152668
HU31,2017,1142892
HU31,2018,1133848
HU31,2019,1125185
HU31,2020,1117255
HU31,2021,1111193
HU31,2022,1101369
HU31,2023,1093790
HU32,2014,1480007
HU32,2015,1473223
HU32,2016,1466389
HU32,2017,1459130
HU32,2018,1450191
HU32,2019,1439991
HU32,2020,1430692
HU32,2021,1423489
HU32,2022,1412540
HU32,2023,1405012
HU33,2014,1276680
HU33,2015,1266904
HU33,2016,1257756
HU33,2017,1246137
HU33,2018,1237501
HU33,2019,1230022
HU33,2020,1223386
HU33,2021,1214723
HU33,2022,1206377
HU33,2023,1200150
HUXX,2014,0
HUXX,2015,0
HUXX,2016,0
HUXX,2017,0
HUXX,2018,0
HUXX,2019,0
HUXX,2020,0
IE04,2014,833748
IE04,2015,833830
IE04,2016,839204
IE04,2017,851642
IE04,2018,860162
IE04,2019,872406
IE04,2020,883740
IE04,2021,891624
IE04,2022,903853
IE04,2023,930208
IE05,2014,1563179
IE05,2015,1567206
IE05,2016,1575504
IE05,2017,1596373
IE05,2018,1614582
IE05,2019,1640305
IE05,2020,1661545
IE05,2021,1676038
IE05,2022,1702333
IE05,2023,1741180
IE06,2014,2240925
IE06,2015,2276591
IE06,2016,2311578
IE06,2017,2351142
IE06,2018,2380989
IE06,2019,2427600
IE06,2020,2467315
IE06,2021,2499231
IE06,2022,2548091
IE06,2023,2600007
IS00,2014,325671
IS00,2015,329100
IS00,2016,332529
IS00,2017,338349
IS00,2018,348450
IS00,2019,356991
IS00,2020,364134
IS00,2021,368792
IS00,2022,376248
IS00,2023,387758
ITC1,2014,4420924
ITC1,2015,4403562
ITC1,2016,4384226
ITC1,2017,4370348
ITC1,2018,4349911
ITC1,2019,4328565
ITC1,2020,4311217
ITC1,2021,4274945
ITC1,2022,4256350
ITC1,2023,4251351
ITC2,2014,128245
ITC2,2015,127972
ITC2,2016,127030
ITC2,2017,126677
ITC2,2018,126213
ITC2,2019,125653
ITC2,2020,125034
ITC2,2021,124089
ITC2,2022,123360
ITC2,2023,123130
ITC3,2014,1580322
ITC3,2015,1569427
ITC3,2016,1557742
ITC3,2017,1551379
ITC3,2018,1541541
ITC3,2019,1532980
ITC3,2020,1524826
ITC3,2021,1518495
ITC3,2022,1509227
ITC3,2023,1507636
ITC4,2014,9929769
ITC4,2015,9954769
ITC4,2016,9958447
ITC4,2017,9970419
ITC4,2018,9986962
ITC4,2019,10010833
ITC4,2020,10027602
ITC4,2021,9981554
ITC4,2022,9943004
ITC4,2023,9976509
ITF1,2014,1329918
ITF1,2015,1325836
ITF1,2016,1319294
ITF1,2017,1313930
ITF1,2018,1306059
ITF1,2019,1300645
ITF1,2020,1293941
ITF1,2021,1281012
ITF1,2022,1275950
ITF1,2023,1272627
ITF2,2014,312897
ITF2,2015,311398
ITF2,2016,310026
ITF2,2017,308400
ITF2,2018,306564
ITF2,2019,303790
ITF2,2020,300516
ITF2,2021,294294
ITF2,2022,292150
ITF2,2023,290636
ITF3,2014,5812768
ITF3,2015,5804370
ITF3,2016,5790783
ITF3,2017,5776654
ITF3,2018,5762889
ITF3,2019,5740291
ITF3,2020,5712143
ITF3,2021,5624260
ITF3,2022,5624420
ITF3,2023,5609536
ITF4,2014,4077788
ITF4,2015,4063269
ITF4,2016,4043735
ITF4,2017,4024067
ITF4,2018,4000966
ITF4,2019,3975528
ITF4,2020,3953305
ITF4,2021,3933777
ITF4,2022,3922941
ITF4,2023,3907683
ITF5,2014,575814
ITF5,2015,573236
ITF5,2016,569887
ITF5,2017,566405
ITF5,2018,562968
ITF5,2019,558587
ITF5,2020,553254
ITF5,2021,545130
ITF5,2022,541168
ITF5,2023,537577
ITF6,2014,1958226
ITF6,2015,1951733
ITF6,2016,1943085
ITF6,2017,1935097
ITF6,2018,1924257
ITF6,2019,1912021
ITF6,2020,1894110
ITF6,2021,1860601
ITF6,2022,1855454
ITF6,2023,1846610
ITG1,2014,5041754
ITG1,2015,5028266
ITG1,2016,5004400
ITG1,2017,4977900
ITG1,2018,4942188
ITG1,2019,4908548
ITG1,2020,4875290
ITG1,2021,4833705
ITG1,2022,4833329
ITG1,2023,4814016
ITG2,2014,1652528
ITG2,2015,1648642
ITG2,2016,1642492
ITG2,2017,1636839
ITG2,2018,1631040
ITG2,2019,1622257
ITG2,2020,1611621
ITG2,2021,1590044
ITG2,2022,1587413
ITG2,2023,1578146
ITH1,2014,515389
ITH1,2015,517994
ITH1,2016,520252
ITH1,2017,523454
ITH1,2018,526772
ITH1,2019,530313
ITH1,2020,532644
ITH1,2021,534912
ITH1,2022,532616
ITH1,2023,534147
ITH2,2014,536813
ITH2,2015,538188
ITH2,2016,539513
ITH2,2017,540280
ITH2,2018,541966
ITH2,2019,543721
ITH2,2020,545425
ITH2,2021,542166
ITH2,2022,540958
ITH2,2023,542996
ITH3,2014,4905712
ITH3,2015,4902694
ITH3,2016,4890648
ITH3,2017,4883373
ITH3,2018,4880936
ITH3,2019,4884590
ITH3,2020,4879133
ITH3,2021,4869830
ITH3,2022,4847745
ITH3,2023,4849553
ITH4,2014,1224984
ITH4,2015,1221664
ITH4,2016,1216208
ITH4,2017,1212809
ITH4,2018,1211155
ITH4,2019,1210414
ITH4,2020,1206216
ITH4,2021,1201510
ITH4,2022,1194647
ITH4,2023,1194248
ITH5,2014,4432241
ITH5,2015,4434377
ITH5,2016,4435480
ITH5,2017,4439768
ITH5,2018,4445920
ITH5,2019,4459453
ITH5,2020,4464119
ITH5,2021,4438937
ITH5,2022,4425366
ITH5,2023,4437578
ITI1,2014,3744293
ITI1,2015,3739044
ITI1,2016,3726422
ITI1,2017,3721391
ITI1,2018,3712048
ITI1,2019,3701343
ITI1,2020,3692555
ITI1,2021,3692865
ITI1,2022,3663191
ITI1,2023,3661981
ITI2,2014,892099
ITI2,2015,888288
ITI2,2016,884092
ITI2,2017,880992
ITI2,2018,876477
ITI2,2019,873744
ITI2,2020,870165
ITI2,2021,865452
ITI2,2022,858812
ITI2,2023,856407
ITI3,2014,1549478
ITI3,2015,1545869
ITI3,2016,1538442
ITI3,2017,1532460
ITI3,2018,1526331
ITI3,2019,1520321
ITI3,2020,1512672
ITI3,2021,1498236
ITI3,2022,1487150
ITI3,2023,1484298
ITI4,2014,5723955
ITI4,2015,5744899
ITI4,2016,5761508
ITI4,2017,5774092
ITI4,2018,5774606
ITI4,2019,5773076
ITI4,2020,5755700
ITI4,2021,5730399
ITI4,2022,5714882
ITI4,2023,5720536
LI00,2014,37129
LI00,2015,37366
LI00,2016,37622
LI00,2017,37810
LI00,2018,38114
LI00,2019,38378
LI00,2020,38747
LI00,2021,39055
LI00,2022,39308
LI00,2023,39677
LT01,2014,800631
LT01,2015,799539
LT01,2016,796455
LT01,2017,795088
LT01,2018,795134
LT01,2019,798101
LT01,2020,804348
LT01,2021,810797
LT01,2022,817950
LT01,2023,848724
LT02,2014,2147231
LT02,2015,2127105
LT02,2016,2099118
LT02,2017,2063989
LT02,2018,2031066
LT02,2019,2014099
LT02,2020,2005629
LT02,2021,1999964
LT02,2022,1988048
LT02,2023,2008555
LU00,2014,549680
LU00,2015,562958
LU00,2016,576249
LU00,2017,590667
LU00,2018,602005
LU00,2019,613894
LU00,2020,626108
LU00,2021,634730
LU00,2022,645397
LU00,2023,660809
LV00,2014,2001468
LV00,2015,1986096
LV00,2016,1968957
LV00,2017,1950116
LV00,2018,1934379
LV00,2019,1919968
LV00,2020,1907675
LV00,2021,1893223
LV00,2022,1875757
LV00,2023,1883008
ME00,2014,621521
ME00,2015,622099
ME00,2016,622218
ME00,2017,622387
ME00,2018,622359
ME00,2019,622182
ME00,2020,621873
ME00,2021,620739
ME00,2022,617683
ME00,2023,616695
MK00,2014,2065410
MK00,2015,2068864
MK00,2016,2070998
MK00,2017,2073483
MK00,2018,2075108
MK00,2019,2076953
MK00,2020,2076087
MK00,2021,2068658
MK00,2022,1837114
MK00,2023,1829954
MKXX,2014,359
MKXX,2015,308
MKXX,2016,280
MKXX,2017,219
MKXX,2018,193
MKXX,2019,179
MKXX,2020,168
MT00,2014,428156
MT00,2015,438805
MT00,2016,449635
MT00,2017,459375
MT00,2018,474837
MT00,2019,492968
MT00,2020,514855
MT00,2021,516125
MT00,2022,520174
MT00,2023,542051
NL11,2014,582728
NL11,2015,583942
NL11,2016,583721
NL11,2017,583581
NL11,2018,582944
NL11,2019,583990
NL11,2020,585866
NL11,2021,586937
NL11,2022,590170
NL11,2023,596075
NL12,2014,646317
NL12,2015,646257
NL12,2016,646040
NL12,2017,646874
NL12,2018,647268
NL12,2019,647672
NL12,2020,649957
NL12,2021,651435
NL12,2022,654019
NL12,2023,659551
NL13,2014,488988
NL13,2015,488576
NL13,2016,488629
NL13,2017,491792
NL13,2018,492100
NL13,2019,492167
NL13,2020,493682
NL13,2021,494771
NL13,2022,497743
NL13,2023,502051
NL21,2014,1139697
NL21,2015,1140652
NL21,2016,1144280
NL21,2017,1147687
NL21,2018,1151501
NL21,2019,1156431
NL21,2020,1162406
NL21,2021,1166533
NL21,2022,1171910
NL21,2023,1184333
NL22,2014,2019692
NL22,2015,2026578
NL22,2016,2035351
NL22,2017,2047901
NL22,2018,2060103
NL22,2019,2071972
NL22,2020,2085952
NL22,2021,2096603
NL22,2022,2110472
NL22,2023,2133708
NL23,2014,399893
NL23,2015,401791
NL23,2016,404068
NL23,2017,407818
NL23,2018,411670
NL23,2019,416546
NL23,2020,423021
NL23,2021,428226
NL23,2022,434771
NL23,2023,444701
NL31,2014,1253672
NL31,2015,1263572
NL31,2016,1273613
NL31,2017,1284504
NL31,2018,1295484
NL31,2019,1306912
NL31,2020,1319231
NL31,2021,1361153
NL31,2022,1369873
NL31,2023,1387643
NL32,2014,2741369
NL32,2015,2761929
NL32,2016,2784854
NL32,2017,2809483
NL32,2018,2831182
NL32,2019,2853359
NL32,2020,2879527
NL32,2021,2888486
NL32,2022,2909827
NL32,2023,2952622
NL33,2014,3577032
NL33,2015,3600011
NL33,2016,3622303
NL33,2017,3650222
NL33,2018,3681044
NL33,2019,3709139
NL33,2020,3744299
NL33,2021,3726050
NL33,2022,3753944
NL33,2023,3804906
NL34,2014,380621
NL34,2015,380726
NL34,2016,381252
NL34,2017,381568
NL34,2018,382304
NL34,2019,383032
NL34,2020,383488
NL34,2021,385400
NL34,2022,386767
NL34,2023,391124
NL41,2014,2479274
NL41,2015,2488751
NL41,2016,2498749
NL41,2017,2512531
NL41,2018,2528286
NL41,2019,2544806
NL41,2020,2562955
NL41,2021,2573949
NL41,2022,2592874
NL41,2023,2626210
NL42,2014,1120006
NL42,2015,1117941
NL42,2016,1116260
NL42,2017,1117546
NL42,2018,1117198
NL42,2019,1116137
NL42,2020,1117201
NL42,2021,1115872
NL42,2022,1118302
NL42,2023,1128367
NO01,2014,1209992
NO01,2015,1232854
NO01,2016,1251687
NO01,2017,1271127
NO01,2018,1287495
NO01,2019,1305122
NO01,2020,1326682
NO02,2014,366785
NO02,2015,368358
NO02,2016,368636
NO02,2017,369893
NO02,2018,370994
NO02,2019,371054
NO02,2020,371385
NO02,2021,370603
NO02,2022,371253
NO02,2023,373628
NO03,2014,969415
NO03,2015,976682
NO03,2016,984764
NO03,2017,992962
NO03,2018,999639
NO03,2019,1005070
NO03,2020,1011472
NO04,2014,751632
NO04,2015,762031
NO04,2016,768179
NO04,2017,772813
NO04,2018,777279
NO04,2019,780898
NO04,2020,787123
NO05,2014,875475
NO05,2015,884316
NO05,2016,890719
NO05,2017,896503
NO05,2018,899627
NO05,2019,901689
NO05,2020,905335
NO06,2014,444966
NO06,2015,449386
NO06,2016,453352
NO06,2017,458221
NO06,2018,462354
NO06,2019,465634
NO06,2020,468702
NO06,2021,471124
NO06,2022,474131
NO06,2023,478470
NO07,2014,478134
NO07,2015,480740
NO07,2016,481994
NO07,2017,484647
NO07,2018,486001
NO07,2019,486452
NO07,2020,484546
NO07,2021,482513
NO07,2022,481926
NO07,2023,483536
NO08,2014,1789458
NO08,2015,1816713
NO08,2016,1842751
NO08,2017,1866163
NO08,2018,1887198
NO08,2019,1908376
NO08,2020,1934659
NO08,2021,1949394
NO08,2022,1969057
NO08,2023,2001278
NO09,2014,697974
NO09,2015,703658
NO09,2016,709343
NO09,2017,714491
NO09,2018,719531
NO09,2019,722955
NO09,2020,726627
NO09,2021,730725
NO09,2022,735966
NO09,2023,745152
NO0A,2014,1331739
NO0A,2015,1346947
NO0A,2016,1357909
NO0A,2017,1364902
NO0A,2018,1369541
NO0A,2019,1373741
NO0A,2020,1381661
NO0A,2021,1387010
NO0A,2022,1392937
NO0A,2023,1406920
NO0B,2014,0
NO0B,2015,0
NO0B,2016,0
NO0B,2017,0
NO0B,2018,0
NO0B,2019,0
NO0B,2020,0
NO0B,2022,0
PL21,2014,3316097
PL21,2015,3324579
PL21,2016,3330031
PL21,2017,3339803
PL21,2018,3349498
PL21,2019,3360545
PL21,2020,3371956
PL21,2021,3324543
PL21,2022,3320962
PL21,2023,3319305
PL22,2014,4548177
PL22,2015,4535705
PL22,2016,4520567
PL22,2017,4510528
PL22,2018,4500863
PL22,2019,4488998
PL22,2020,4475460
PL22,2021,4310201
PL22,2022,4273835
PL22,2023,4245283
PL41,2014,3441440
PL41,2015,3447689
PL41,2016,3450966
PL41,2017,3457473
PL41,2018,3465605
PL41,2019,3473172
PL41,2020,3479525
PL41,2021,3455384
PL41,2022,3449874
PL41,2023,3444228
PL42,2014,1691400
PL42,2015,1688486
PL42,2016,1684025
PL42,2017,1681246
PL42,2018,1678873
PL42,2019,1675502
PL42,2020,1671605
PL42,2021,1610051
PL42,2022,1598259
PL42,2023,1589049
PL43,2014,1008564
PL43,2015,1007442
PL43,2016,1005159
PL43,2017,1004892
PL43,2018,1004127
PL43,2019,1003310
PL43,2020,1001411
PL43,2021,965875
PL43,2022,958281
PL43,2023,952793
PL51,2014,2869579
PL51,2015,2868338
PL51,2016,2864624
PL51,2017,2866218
PL51,2018,2865358
PL51,2019,2865072
PL51,2020,2864809
PL51,2021,2833557
PL51,2022,2822229
PL51,2023,2813919
PL52,2014,960226
PL52,2015,956913
PL52,2016,952557
PL52,2017,950710
PL52,2018,948808
PL52,2019,946038
PL52,2020,942233
PL52,2021,910302
PL52,2022,902444
PL52,2023,896370
PL61,2014,2068417
PL61,2015,2065846
PL61,2016,2062006
PL61,2017,2060575
PL61,2018,2059748
PL61,2019,2055433
PL61,2020,2050976
PL61,2021,1969116
PL61,2022,1954778
PL61,2023,1943197
PL62,2014,1421264
PL62,2015,1418541
PL62,2016,1414734
PL62,2017,1410641
PL62,2018,1408415
PL62,2019,1404441
PL62,2020,1399038
PL62,2021,1322861
PL62,2022,1311843
PL62,2023,1303380
PL63,2014,2264817
PL63,2015,2271559
PL63,2016,2277059
PL63,2017,2285800
PL63,2018,2294926
PL63,2019,2305077
PL63,2020,2316135
PL63,2021,2295666
PL63,2022,2295510
PL63,2023,2295745
PL71,2014,2498861
PL71,2015,2489844
PL71,2016,2479350
PL71,2017,2471620
PL71,2018,2462448
PL71,2019,2453167
PL71,2020,2442685
PL71,2021,2380949
PL71,2022,2359467
PL71,2023,2343021
PL72,2014,1253041
PL72,2015,1247951
PL72,2016,1241895
PL72,2017,1237518
PL72,2018,1232016
PL72,2019,1226243
PL72,2020,1218743
PL72,2021,1154493
PL72,2022,1142718
PL72,2023,1133097
PL81,2014,2134413
PL81,2015,2126310
PL81,2016,2118528
PL81,2017,2112787
PL81,2018,2105442
PL81,2019,2097294
PL81,2020,2088292
PL81,2021,1981180
PL81,2022,1962076
PL81,2023,1948400
PL82,2014,2083546
PL82,2015,2084264
PL82,2016,2083496
PL82,2017,2084722
PL82,2018,2085877
PL82,2019,2086135
PL82,2020,2084447
PL82,2021,1979297
PL82,2022,1968616
PL82,2023,1962332
PL84,2014,1165447
PL84,2015,1162369
PL84,2016,1158945
PL84,2017,1156947
PL84,2018,1154856
PL84,2019,1152074
PL84,2020,1149389
PL84,2021,1097521
PL84,2022,1089385
PL84,2023,1083854
PL91,2014,2937140
PL91,2015,2960058
PL91,2016,2979942
PL91,2017,3002278
PL91,2018,3025034
PL91,2019,3053104
PL91,2020,3082399
PL91,2021,3242890
PL91,2022,3256793
PL91,2023,3269510
PL92,2014,2355427
PL92,2015,2349720
PL92,2016,2343325
PL92,2017,2339206
PL92,2018,2334793
PL92,2019,2327207
PL92,2020,2319035
PL92,2021,2239471
PL92,2022,2222691
PL92,2023,2210253
PT11,2014,3640801
PT11,2015,3618807
PT11,2016,3605791
PT11,2017,3596590
PT11,2018,3592401
PT11,2019,3591630
PT11,2020,3600042
PT11,2021,3601434
PT11,2022,3609978
PT11,2023,3640294
PT15,2014,449952
PT15,2015,449965
PT15,2016,451679
PT15,2017,453300
PT15,2018,456113
PT15,2019,459597
PT15,2020,465610
PT15,2021,469892
PT15,2022,469983
PT15,2023,478618
PT16,2014,2290675
PT16,2015,2272517
PT16,2016,2259588
PT16,2017,2246203
PT16,2018,2235005
PT16,2019,2226188
PT16,2020,2229958
PT16,2021,2239686
PT16,2022,2252648
PT16,2023,2264956
PT17,2014,2815667
PT17,2015,2820766
PT17,2016,2829408
PT17,2017,2836906
PT17,2018,2849085
PT17,2019,2859422
PT17,2020,2884800
PT17,2021,2884695
PT17,2022,2883645
PT17,2023,2921564
PT18,2014,739913
PT18,2015,732178
PT18,2016,725914
PT18,2017,719058
PT18,2018,713125
PT18,2019,708434
PT18,2020,707159
PT18,2021,709074
PT18,2022,713376
PT18,2023,716994
PT19,2023,1672267
PT1A,2023,2097742
PT1B,2023,823822
PT1C,2023,472735
PT1D,2023,836948
PT20,2014,245336
PT20,2015,243271
PT20,2016,241653
PT20,2017,240108
PT20,2018,238964
PT20,2019,237828
PT20,2020,237113
PT20,2021,237616
PT20,2022,238794
PT20,2023,240125
PT30,2014,261748
PT30,2015,257617
PT30,2016,254521
PT30,2017,252313
PT30,2018,251077
PT30,2019,250397
PT30,2020,250713
PT30,2021,251900
PT30,2022,252693
PT30,2023,254070
RO11,2014,2590220
RO11,2015,2585543
RO11,2016,2576567
RO11,2017,2568282
RO11,2018,2560504
RO11,2019,2552112
RO11,2020,2547429
RO11,2021,2537017
RO11,2022,2523549
RO11,2023,2531913
RO12,2014,2355312
RO12,2015,2350147
RO12,2016,2341964
RO12,2017,2332785
RO12,2018,2325371
RO12,2019,2318272
RO12,2020,2314826
RO12,2021,2302833
RO12,2022,2273344
RO12,2023,2280856
RO21,2014,3273367
RO21,2015,3269598
RO21,2016,3256734
RO21,2017,3239540
RO21,2018,3222732
RO21,2019,3198564
RO21,2020,3184215
RO21,2021,3163465
RO21,2022,3221819
RO21,2023,3224213
RO22,2014,2509094
RO22,2015,2492352
RO22,2016,2469868
RO22,2017,2447270
RO22,2018,2423059
RO22,2019,2396171
RO22,2020,2377101
RO22,2021,2351636
RO22,2022,2361624
RO22,2023,2353162
RO31,2014,3085095
RO31,2015,3061286
RO31,2016,3031555
RO31,2017,3003394
RO31,2018,2965415
RO31,2019,2929832
RO31,2020,2901376
RO31,2021,2868994
RO31,2022,2854809
RO31,2023,2841139
RO32,2014,2282968
RO32,2015,2284200
RO32,2016,2288203
RO32,2017,2287208
RO32,2018,2302291
RO32,2019,2315173
RO32,2020,2322002
RO32,2021,2327057
RO32,2022,2268268
RO32,2023,2290125
RO41,2014,2033360
RO41,2015,2015766
RO41,2016,1993482
RO41,2017,1972979
RO41,2018,1949813
RO41,2019,1926860
RO41,2020,1910409
RO41,2021,1892078
RO41,2022,1869563
RO41,2023,1861680
RO42,2014,1817895
RO42,2015,1811755
RO42,2016,1802212
RO42,2017,1792491
RO42,2018,1784296
RO42,2019,1777474
RO42,2020,1771480
RO42,2021,1758582
RO42,2022,1669479
RO42,2023,1671460
RS11,2017,1685797
RS11,2018,1688466
RS11,2019,1691919
RS11,2020,1696192
RS11,2021,1692768
RS11,2022,1684567
RS11,2023,1683033
RS12,2017,1876215
RS12,2018,1866815
RS12,2019,1856911
RS12,2020,1847274
RS12,2021,1834430
RS12,2022,1817534
RS12,2023,1738651
RS21,2017,1949486
RS21,2018,1932780
RS21,2019,1916855
RS21,2020,1900429
RS21,2021,1880467
RS21,2022,1854641
RS21,2023,1816449
RS22,2017,1528774
RS22,2018,1513383
RS22,2019,1498079
RS22,2020,1482810
RS22,2021,1463882
RS22,2022,1440363
RS22,2023,1403064
SE11,2014,2163042
SE11,2015,2198044
SE11,2016,2231439
SE11,2017,2269060
SE11,2018,2308143
SE11,2019,2344124
SE11,2020,2377081
SE11,2021,2391990
SE11,2022,2415139
SE11,2023,2440027
SE12,2014,1605347
SE12,2015,1621566
SE12,2016,1638825
SE12,2017,1664145
SE12,2018,1687810
SE12,2019,1708813
SE12,2020,1727398
SE12,2021,1737737
SE12,2022,1752290
SE12,2023,1763645
SE21,2014,819426
SE21,2015,826243
SE21,2016,834276
SE21,2017,847667
SE21,2018,856887
SE21,2019,864630
SE21,2020,870200
SE21,2021,873407
SE21,2022,878580
SE21,2023,882332
SE22,2014,1426826
SE22,2015,1443065
SE22,2016,1459880
SE22,2017,1483018
SE22,2018,1504060
SE22,2019,1521848
SE22,2020,1537433
SE22,2021,1548392
SE22,2022,1561362
SE22,2023,1573064
SE23,2014,1921924
SE23,2015,1942677
SE23,2016,1963466
SE23,2017,1992116
SE23,2018,2015607
SE23,2019,2039166
SE23,2020,2059729
SE23,2021,2071191
SE23,2022,2085102
SE23,2023,2101461
SE31,2014,829134
SE31,2015,833585
SE31,2016,838747
SE31,2017,848451
SE31,2018,852201
SE31,2019,855220
SE31,2020,857762
SE31,2021,858063
SE31,2022,859350
SE31,2023,859620
SE32,2014,368617
SE32,2015,369826
SE32,2016,371273
SE32,2017,374245
SE32,2018,375774
SE32,2019,375733
SE32,2020,376157
SE32,2021,375709
SE32,2022,376247
SE32,2023,375935
SE33,2014,510548
SE33,2015,512349
SE33,2016,513111
SE33,2017,516451
SE33,2018,519760
SE33,2019,520651
SE33,2020,521829
SE33,2021,522806
SE33,2022,524256
SE33,2023,525472
SI03,2014,1094709
SI03,2015,1093545
SI03,2016,1092193
SI03,2017,1091159
SI03,2018,1089717
SI03,2019,1094435
SI03,2020,1100012
SI03,2021,1105046
SI03,2022,1103787
SI03,2023,1107885
SI04,2014,966376
SI04,2015,969329
SI04,2016,971995
SI04,2017,974736
SI04,2018,977163
SI04,2019,986473
SI04,2020,995849
SI04,2021,1003931
SI04,2022,1003393
SI04,2023,1009087
SK01,2014,618380
SK01,2015,625167
SK01,2016,633288
SK01,2017,641892
SK01,2018,650838
SK01,2019,659598
SK01,2020,669592
SK01,2021,677024
SK01,2022,723714
SK01,2023,728370
SK02,2014,1836664
SK02,2015,1834832
SK02,2016,1832159
SK02,2017,1830751
SK02,2018,1828428
SK02,2019,1826145
SK02,2020,1823792
SK02,2021,1819399
SK02,2022,1812542
SK02,2023,1806944
SK03,2014,1347233
SK03,2015,1345808
SK03,2016,1343458
SK03,2017,1342287
SK03,2018,1340811
SK03,2019,1339242
SK03,2020,1336785
SK03,2021,1334238
SK03,2022,1310511
SK03,2023,1305883
SK04,2014,1613672
SK04,2015,1615542
SK04,2016,1617347
SK04,2017,1620413
SK04,2018,1623043
SK04,2019,1625436
SK04,2020,1627704
SK04,2021,1629120
SK04,2022,1587945
SK04,2023,1587595
TR10,2014,14160467
TR10,2015,14377018
TR10,2016,14657434
TR10,2017,14804116
TR10,2018,15029231
TR10,2019,15067724
TR10,2020,15519267
TR10,2021,15462452
TR10,2022,15840900
TR10,2023,15907951
TR21,2014,1613616
TR21,2015,1650735
TR21,2016,1687420
TR21,2017,1726260
TR21,2018,1768368
TR21,2019,1802315
TR21,2020,1831151
TR21,2021,1850565
TR21,2022,1891878
TR21,2023,1926512
TR22,2014,1665089
TR22,2015,1700847
TR22,2016,1700029
TR22,2017,1715969
TR22,2018,1735241
TR22,2019,1767237
TR22,2020,1770777
TR22,2021,1781833
TR22,2022,1807886
TR22,2023,1816973
TR31,2014,4061074
TR31,2015,4113072
TR31,2016,4168415
TR31,2017,4223545
TR31,2018,4279677
TR31,2019,4320519
TR31,2020,4367251
TR31,2021,4394694
TR31,2022,4425789
TR31,2023,4462056
TR32,2014,2851086
TR32,2015,2915188
TR32,2016,2955825
TR32,2017,2997720
TR32,2018,3038325
TR32,2019,3093015
TR32,2020,3131322
TR32,2021,3160772
TR32,2022,3206228
TR32,2023,3252758
TR33,2014,2985153
TR33,2015,2995289
TR33,2016,3013892
TR33,2017,3043846
TR33,2018,3065961
TR33,2019,3100666
TR33,2020,3119860
TR33,2021,3133649
TR33,2022,3152628
TR33,2023,3171989
TR41,2014,3749582
TR41,2015,3809784
TR41,2016,3881624
TR41,2017,3964535
TR41,2018,4019116
TR41,2019,4089156
TR41,2020,4163022
TR41,2021,4209378
TR41,2022,4274521
TR41,2023,4330010
TR42,2014,3448702
TR42,2015,3522353
TR42,2016,3617728
TR42,2017,3719652
TR42,2018,3805481
TR42,2019,3878979
TR42,2020,3961953
TR42,2021,4026438
TR42,2022,4106308
TR42,2023,4181440
TR51,2014,5045083
TR51,2015,5150072
TR51,2016,5270575
TR51,2017,5346518
TR51,2018,5445026
TR51,2019,5503985
TR51,2020,5639076
TR51,2021,5663322
TR51,2022,5747325
TR51,2023,5782285
TR52,2014,2317164
TR52,2015,2349170
TR52,2016,2372740
TR52,2017,2406913
TR52,2018,2426821
TR52,2019,2457522
TR52,2020,2485653
TR52,2021,2504939
TR52,2022,2535855
TR52,2023,2557185
TR61,2014,2833306
TR61,2015,2898240
TR61,2016,2968561
TR61,2017,3017280
TR61,2018,3063005
TR61,2019,3137694
TR61,2020,3227410
TR61,2021,3255704
TR61,2022,3339226
TR61,2023,3407128
TR62,2014,3855034
TR62,2015,3892850
TR62,2016,3928388
TR62,2017,3975522
TR62,2018,4010406
TR62,2019,4034593
TR62,2020,4078365
TR62,2021,4127475
TR62,2022,4154518
TR62,2023,4190538
TR63,2014,3077753
TR63,2015,3115681
TR63,2016,3142990
TR63,2017,3189974
TR63,2018,3230573
TR63,2019,3289122
TR63,2020,3321755
TR63,2021,3376039
TR63,2022,3395022
TR63,2023,3422884
TR71,2014,1510080
TR71,2015,1508199
TR71,2016,1515228
TR71,2017,1546995
TR71,2018,1560774
TR71,2019,1603688
TR71,2020,1608193
TR71,2021,1611789
TR71,2022,1619709
TR71,2023,1630050
TR72,2014,2363390
TR72,2015,2378052
TR72,2016,2379113
TR72,2017,2401245
TR72,2018,2416673
TR72,2019,2461269
TR72,2020,2467565
TR72,2021,2476439
TR72,2022,2488978
TR72,2023,2494889
TR81,2014,1020957
TR81,2015,1019534
TR81,2016,1023593
TR81,2017,1032260
TR81,2018,1034922
TR81,2019,1046711
TR81,2020,1042760
TR81,2021,1033797
TR81,2022,1040682
TR81,2023,1043919
TR82,2014,763570
TR82,2015,756983
TR82,2016,757711
TR82,2017,766303
TR82,2018,765874
TR82,2019,819468
TR82,2020,793437
TR82,2021,785265
TR82,2022,790515
TR82,2023,794680
TR83,2014,2714575
TR83,2015,2717042
TR83,2016,2721221
TR83,2017,2752803
TR83,2018,2773386
TR83,2019,2822353
TR83,2020,2829953
TR83,2021,2819560
TR83,2022,2835454
TR83,2023,2827339
TR90,2014,2553647
TR90,2015,2566840
TR90,2016,2572850
TR90,2017,2645584
TR90,2018,2633417
TR90,2019,2719113
TR90,2020,2690180
TR90,2021,2677584
TR90,2022,2693034
TR90,2023,2690038
TRA1,2014,1062345
TRA1,2015,1067560
TRA1,2016,1063789
TRA1,2017,1078207
TRA1,2018,1072404
TRA1,2019,1086156
TRA1,2020,1081652
TRA1,2021,1074620
TRA1,2022,1079286
TRA1,2023,1073218
TRA2,2014,1145257
TRA2,2015,1138766
TRA2,2016,1131570
TRA2,2017,1123161
TRA2,2018,1115810
TRA2,2019,1124898
TRA2,2020,1118370
TRA2,2021,1117833
TRA2,2022,1103812
TRA2,2023,1081530
TRB1,2014,1681719
TRB1,2015,1690843
TRB1,2016,1700468
TRB1,2017,1711847
TRB1,2018,1726199
TRB1,2019,1762077
TRB1,2020,1755735
TRB1,2021,1759327
TRB1,2022,1763537
TRB1,2023,1770999
TRB2,2014,2092863
TRB2,2015,2111068
TRB2,2016,2124349
TRB2,2017,2115729
TRB2,2018,2128670
TRB2,2019,2167642
TRB2,2020,2174672
TRB2,2021,2191967
TRB2,2022,2176738
TRB2,2023,2157272
TRC1,2014,2570208
TRC1,2015,2616082
TRC1,2016,2665265
TRC1,2017,2715553
TRC1,2018,2756910
TRC1,2019,2795617
TRC1,2020,2838319
TRC1,2021,2876408
TRC1,2022,2908406
TRC1,2023,2937139
TRC2,2014,3409417
TRC2,2015,3480715
TRC2,2016,3546516
TRC2,2017,3613746
TRC2,2018,3685654
TRC2,2019,3768205
TRC2,2020,3829967
TRC2,2021,3898687
TRC2,2022,3934393
TRC2,2023,3974990
TRC3,2014,2116727
TRC3,2015,2153921
TRC3,2016,2173759
TRC3,2017,2179588
TRC3,2018,2222601
TRC3,2019,2284158
TRC3,2020,2307332
TRC3,2021,2343826
TRC3,2022,2367645
TRC3,2023,2393781
UKC1,2014,1183175
UKC1,2015,1186123
UKC1,2016,1190177
UKC1,2017,1194437
UKC1,2018,1197992
UKC1,2019,1201543
UKC2,2014,1431607
UKC2,2015,1435643
UKC2,2016,1440477
UKC2,2017,1446249
UKC2,2018,1450223
UKC2,2019,1455437
UKD1,2014,498463
UKD1,2015,498545
UKD1,2016,498745
UKD1,2017,498641
UKD1,2018,498216
UKD1,2019,498083
UKD3,2014,2721819
UKD3,2015,2741974
UKD3,2016,2767348
UKD3,2017,2789735
UKD3,2018,2808080
UKD3,2019,2822003
UKD4,2014,1469371
UKD4,2015,1473818
UKD4,2016,1480296
UKD4,2017,1487102
UKD4,2018,1490434
UKD4,2019,1495318
UKD6,2014,911368
UKD6,2015,915471
UKD6,2016,919711
UKD6,2017,924261
UKD6,2018,927799
UKD6,2019,931347
UKD7,2014,1517171
UKD7,2015,1524173
UKD7,2016,1533376
UKD7,2017,1541473
UKD7,2018,1547607
UKD7,2019,1553324
UKE1,2014,922928
UKE1,2015,924558
UKE1,2016,926818
UKE1,2017,929189
UKE1,2018,931065
UKE1,2019,932645
UKE2,2014,807558
UKE2,2015,810048
UKE2,2016,814066
UKE2,2017,818141
UKE2,2018,820874
UKE2,2019,824054
UKE3,2014,1362340
UKE3,2015,1370817
UKE3,2016,1380458
UKE3,2017,1389426
UKE3,2018,1397266
UKE3,2019,1404971
UKE4,2014,2256217
UKE4,2015,2269744
UKE4,2016,2286357
UKE4,2017,2301000
UKE4,2018,2313390
UKE4,2019,2324560
UKF1,2014,2141903
UKF1,2015,2155431
UKF1,2016,2170611
UKF1,2017,2187643
UKF1,2018,2199851
UKF1,2019,2210381
UKF2,2014,1747794
UKF2,2015,1767307
UKF2,2016,1789613
UKF2,2017,1812852
UKF2,2018,1828762
UKF2,2019,1843764
UKF3,2014,728205
UKF3,2015,734643
UKF3,2016,741087
UKF3,2017,747996
UKF3,2018,752671
UKF3,2019,756920
UKG1,2014,1312357
UKG1,2015,1319504
UKG1,2016,1327386
UKG1,2017,1338055
UKG1,2018,1344393
UKG1,2019,1352539
UKG2,2014,1588088
UKG2,2015,1594600
UKG2,2016,1603003
UKG2,2017,1613788
UKG2,2018,1619877
UKG2,2019,1626956
UKG3,2014,2793881
UKG3,2015,2820216
UKG3,2016,2852553
UKG3,2017,2883905
UKG3,2018,2908821
UKG3,2019,2928377
UKH1,2014,2434456
UKH1,2015,2456564
UKH1,2016,2475882
UKH1,2017,2493326
UKH1,2018,2509078
UKH1,2019,2521676
UKH2,2014,1784776
UKH2,2015,1806939
UKH2,2016,1827766
UKH2,2017,1841673
UKH2,2018,1859787
UKH2,2019,1871847
UKH3,2014,1765271
UKH3,2015,1782982
UKH3,2016,1798750
UKH3,2017,1813609
UKH3,2018,1828948
UKH3,2019,1841887
UKI3,2014,1120811
UKI3,2015,1138443
UKI3,2016,1153642
UKI3,2017,1163136
UKI3,2018,1173602
UKI3,2019,1190513
UKI4,2014,2248524
UKI4,2015,2294960
UKI4,2016,2337518
UKI4,2017,2367065
UKI4,2018,2402934
UKI4,2019,2430890
UKI5,2014,1826033
UKI5,2015,1853173
UKI5,2016,1880090
UKI5,2017,1899556
UKI5,2018,1924106
UKI5,2019,1940638
UKI6,2014,1263221
UKI6,2015,1276233
UKI6,2016,1288011
UKI6,2017,1295666
UKI6,2018,1308866
UKI6,2019,1316772
UKI7,2014,2019780
UKI7,2015,2040301
UKI7,2016,2058984
UKI7,2017,2071842
UKI7,2018,2090315
UKI7,2019,2103443
UKJ1,2014,2325301
UKJ1,2015,2347205
UKJ1,2016,2368548
UKJ1,2017,2385514
UKJ1,2018,2402507
UKJ1,2019,2417428
UKJ2,2014,2802800
UKJ2,2015,2827820
UKJ2,2016,2852269
UKJ2,2017,2871387
UKJ2,2018,2892767
UKJ2,2019,2909838
UKJ3,2014,1932133
UKJ3,2015,1946199
UKJ3,2016,1961230
UKJ3,2017,1973952
UKJ3,2018,1985074
UKJ3,2019,1993050
UKJ4,2014,1773140
UKJ4,2015,1790347
UKJ4,2016,1807834
UKJ4,2017,1824794
UKJ4,2018,1840563
UKJ4,2019,1854717
UKK1,2014,2404752
UKK1,2015,2429519
UKK1,2016,2453872
UKK1,2017,2474784
UKK1,2018,2496022
UKK1,2019,2516568
UKK2,2014,1295993
UKK2,2015,1304470
UKK2,2016,1313859
UKK2,2017,1322286
UKK2,2018,1329868
UKK2,2019,1336003
UKK3,2014,546137
UKK3,2015,550437
UKK3,2016,555014
UKK3,2017,560526
UKK3,2018,564588
UKK3,2019,568612
UKK4,2014,1153568
UKK4,2015,1162981
UKK4,2016,1171558
UKK4,2017,1180517
UKK4,2018,1187825
UKK4,2019,1195198
UKL1,2014,1944635
UKL1,2015,1948946
UKL1,2016,1954376
UKL1,2017,1960764
UKL1,2018,1963646
UKL1,2019,1968383
UKL2,2014,1142724
UKL2,2015,1146757
UKL2,2016,1151846
UKL2,2017,1158491
UKL2,2018,1162876
UKL2,2019,1168000
UKM5,2014,487150
UKM5,2015,490875
UKM5,2016,492173
UKM5,2017,491323
UKM5,2018,494624
UKM5,2019,495365
UKM6,2014,467326
UKM6,2015,467889
UKM6,2016,468903
UKM6,2017,469420
UKM6,2018,470743
UKM6,2019,470990
UKM7,2014,1933992
UKM7,2015,1946564
UKM7,2016,1961928
UKM7,2017,1976392
UKM7,2018,1988307
UKM7,2019,1998699
UKM8,2014,1504303
UKM8,2015,1510438
UKM8,2016,1520628
UKM8,2017,1531216
UKM8,2018,1536415
UKM8,2019,1541998
UKM9,2014,944842
UKM9,2015,944507
UKM9,2016,945233
UKM9,2017,946372
UKM9,2018,946837
UKM9,2019,947186
UKN0,2014,1835290
UKN0,2015,1846229
UKN0,2016,1857048
UKN0,2017,1866638
UKN0,2018,1875957
UKN0,2019,1885189
